{
  "Values": {
    "Chaos1": {
      "Pos1": [
        -10.0,
        0.0,
        0.0
      ],
      "Facing1": 135
    },
    "Chaos2": {
      "Pos1": [
        -120.0,
        0.0,
        110.0
      ],
      "Pos2": [
        100.0,
        0.0,
        -110.0
      ],
      "Facing1": 45,
      "Facing2": -135
    },
    "Chaos3": {
      "Pos1": [
        -116.0999984741211,
        0.0,
        -106.0999984741211
      ],
      "Pos2": [
        134.89999389648438,
        0.0,
        -38.79999923706055
      ],
      "Pos3": [
        -48.79999923706055,
        0.0,
        144.89999389648438
      ],
      "Facing1": -45,
      "Facing2": -165,
      "Facing3": 80
    },
    "Chaos4": {
      "Pos1": [
        100.0,
        0.0,
        110.0
      ],
      "Pos2": [
        100.0,
        0.0,
        -110.0
      ],
      "Pos3": [
        -120.0,
        0.0,
        -110.0
      ],
      "Pos4": [
        -120.0,
        0.0,
        110.0
      ],
      "Facing1": 135,
      "Facing2": -135,
      "Facing3": -45,
      "Facing4": 45
    },
    "Chaos5": {
      "Pos1": [
        146.39999389648438,
        0.0,
        120.0
      ],
      "Pos2": [
        146.39999389648438,
        0.0,
        -100.0
      ],
      "Pos3": [
        -62.79999923706055,
        0.0,
        -168.0
      ],
      "Pos4": [
        -192.1999969482422,
        0.0,
        10.0
      ],
      "Pos5": [
        -102.80000305175781,
        0.0,
        188.0
      ],
      "Facing1": 144,
      "Facing2": -144,
      "Facing3": -72,
      "Facing4": 0,
      "Facing5": 72
    },
    "Chaos6": {
      "Pos1": [
        146.39999389648438,
        0.0,
        120.0
      ],
      "Pos2": [
        146.39999389648438,
        0.0,
        -100.0
      ],
      "Pos3": [
        -62.79999923706055,
        0.0,
        -168.0
      ],
      "Pos4": [
        -192.1999969482422,
        0.0,
        10.0
      ],
      "Pos5": [
        -102.80000305175781,
        0.0,
        188.0
      ],
      "Pos6": [
        0.0,
        0.0,
        0.0
      ],
      "Facing1": 144,
      "Facing2": -144,
      "Facing3": -72,
      "Facing4": 0,
      "Facing5": 72,
      "Facing6": 0
    },
    "Order1": {
      "Pos1": [
        10.0,
        0.0,
        10.0
      ],
      "Facing1": -40
    },
    "Order2": {
      "Pos1": [
        -100.0,
        0.0,
        120.0
      ],
      "Pos2": [
        120.0,
        0.0,
        -100.0
      ],
      "Facing1": 45,
      "Facing2": -135
    },
    "Order3": {
      "Pos1": [
        -96.0999984741211,
        0.0,
        -96.0999984741211
      ],
      "Pos2": [
        154.89999389648438,
        0.0,
        -28.799999237060547
      ],
      "Pos3": [
        -28.799999237060547,
        0.0,
        154.89999389648438
      ],
      "Facing1": -45,
      "Facing2": -165,
      "Facing3": 60
    },
    "Order4": {
      "Pos1": [
        120.0,
        0.0,
        120.0
      ],
      "Pos2": [
        120.0,
        0.0,
        -100.0
      ],
      "Pos3": [
        -100.0,
        0.0,
        -100.0
      ],
      "Pos4": [
        -100.0,
        0.0,
        120.0
      ],
      "Facing1": 135,
      "Facing2": -135,
      "Facing3": -45,
      "Facing4": 45
    },
    "Order5": {
      "Pos1": [
        166.39999389648438,
        0.0,
        120.0
      ],
      "Pos2": [
        166.39999389648438,
        0.0,
        -100.0
      ],
      "Pos3": [
        -42.79999923706055,
        0.0,
        -168.0
      ],
      "Pos4": [
        -172.1999969482422,
        0.0,
        10.0
      ],
      "Pos5": [
        -82.80000305175781,
        0.0,
        188.0
      ],
      "Facing1": 144,
      "Facing2": -144,
      "Facing3": -72,
      "Facing4": 0,
      "Facing5": 72
    },
    "Order6": {
      "Pos1": [
        166.39999389648438,
        0.0,
        120.0
      ],
      "Pos2": [
        166.39999389648438,
        0.0,
        -100.0
      ],
      "Pos3": [
        -42.79999923706055,
        0.0,
        -168.0
      ],
      "Pos4": [
        -172.1999969482422,
        0.0,
        10.0
      ],
      "Pos5": [
        -82.80000305175781,
        0.0,
        188.0
      ],
      "Pos6": [
        0.0,
        0.0,
        0.0
      ],
      "Facing1": 144,
      "Facing2": -144,
      "Facing3": -72,
      "Facing4": 0,
      "Facing5": 72,
      "Facing6": 0
    }
  },
  "UNKNOWN_HASHES": {}
}